id_code,continent,location,date,total_cases,new_cases,new_cases_smoothed,total_deaths,new_deaths,new_deaths_smoothed,total_cases_per_million,new_cases_per_million,new_cases_smoothed_per_million,total_deaths_per_million,new_deaths_per_million,new_deaths_smoothed_per_million,new_tests,total_tests,total_tests_per_thousand,new_tests_per_thousand,new_tests_smoothed,new_tests_smoothed_per_thousand,tests_per_case,positive_rate,stringency_index,population,population_density,median_age,aged_65_older,aged_70_older,gdp_per_capita,cardiovasc_death_rate,diabetes_prevalence,female_smokers,male_smokers,hospital_beds_per_thousand,life_expectancy
1,Europe,Poland,04/03/2020,1,1,0,0,0,0,0.026,0.026,0,0,0,0,0,0,0,0,0,0,0,0,11.11,37846605,124.027,41.8,16.763,10.202,27216.445,227.331,5.91,23.3,33.1,6.62,78.73
2,Europe,Poland,07/03/2020,5,4,0,0,0,0,0.132,0.106,0,0,0,0,0,0,0,0,0,0,0,0,11.11,37846605,124.027,41.8,16.763,10.202,27216.445,227.331,5.91,23.3,33.1,6.62,78.73
3,Europe,Poland,08/03/2020,6,1,0,0,0,0,0.159,0.026,0,0,0,0,0,0,0,0,0,0,0,0,11.11,37846605,124.027,41.8,16.763,10.202,27216.445,227.331,5.91,23.3,33.1,6.62,78.73
4,Europe,Poland,09/03/2020,11,5,0,0,0,0,0.291,0.132,0,0,0,0,0,0,0,0,0,0,0,0,13.89,37846605,124.027,41.8,16.763,10.202,27216.445,227.331,5.91,23.3,33.1,6.62,78.73
5,Europe,Poland,10/03/2020,17,6,2.429,0,0,0,0.449,0.159,0.064,0,0,0,0,0,0,0,0,0,0,0,25,37846605,124.027,41.8,16.763,10.202,27216.445,227.331,5.91,23.3,33.1,6.62,78.73
6,Europe,Poland,11/03/2020,22,5,3,0,0,0,0.581,0.132,0.079,0,0,0,0,0,0,0,0,0,0,0,25,37846605,124.027,41.8,16.763,10.202,27216.445,227.331,5.91,23.3,33.1,6.62,78.73
7,Europe,Poland,12/03/2020,31,9,4.286,0,0,0,0.819,0.238,0.113,0,0,0,0,0,0,0,0,0,0,0,41.67,37846605,124.027,41.8,16.763,10.202,27216.445,227.331,5.91,23.3,33.1,6.62,78.73
8,Europe,Poland,13/03/2020,49,18,6.857,1,1,0.143,1.295,0.476,0.181,0.026,0.026,0.004,0,0,0,0,0,0,0,0,41.67,37846605,124.027,41.8,16.763,10.202,27216.445,227.331,5.91,23.3,33.1,6.62,78.73
9,Europe,Poland,14/03/2020,68,19,9,2,1,0.286,1.797,0.502,0.238,0.053,0.026,0.008,0,0,0,0,0,0,0,0,49.07,37846605,124.027,41.8,16.763,10.202,27216.445,227.331,5.91,23.3,33.1,6.62,78.73
10,Europe,Poland,15/03/2020,104,36,14,3,1,0.429,2.748,0.951,0.37,0.079,0.026,0.011,0,0,0,0,0,0,0,0,57.41,37846605,124.027,41.8,16.763,10.202,27216.445,227.331,5.91,23.3,33.1,6.62,78.73
11,Europe,Poland,16/03/2020,125,21,16.286,3,0,0.429,3.303,0.555,0.43,0.079,0,0.011,0,0,0,0,0,0,0,0,57.41,37846605,124.027,41.8,16.763,10.202,27216.445,227.331,5.91,23.3,33.1,6.62,78.73
12,Europe,Poland,17/03/2020,177,52,22.857,4,1,0.571,4.677,1.374,0.604,0.106,0.026,0.015,0,0,0,0,0,0,0,0,57.41,37846605,124.027,41.8,16.763,10.202,27216.445,227.331,5.91,23.3,33.1,6.62,78.73
13,Europe,Poland,18/03/2020,238,61,30.857,5,1,0.714,6.289,1.612,0.815,0.132,0.026,0.019,0,0,0,0,0,0,0,0,57.41,37846605,124.027,41.8,16.763,10.202,27216.445,227.331,5.91,23.3,33.1,6.62,78.73
14,Europe,Poland,19/03/2020,287,49,36.571,5,0,0.714,7.583,1.295,0.966,0.132,0,0.019,0,0,0,0,0,0,0,0,57.41,37846605,124.027,41.8,16.763,10.202,27216.445,227.331,5.91,23.3,33.1,6.62,78.73
15,Europe,Poland,20/03/2020,355,68,43.714,5,0,0.571,9.38,1.797,1.155,0.132,0,0.015,0,0,0,0,0,0,0,0,57.41,37846605,124.027,41.8,16.763,10.202,27216.445,227.331,5.91,23.3,33.1,6.62,78.73
16,Europe,Poland,21/03/2020,425,70,51,5,0,0.429,11.23,1.85,1.348,0.132,0,0.011,0,0,0,0,0,0,0,0,57.41,37846605,124.027,41.8,16.763,10.202,27216.445,227.331,5.91,23.3,33.1,6.62,78.73
17,Europe,Poland,22/03/2020,536,111,61.714,5,0,0.286,14.162,2.933,1.631,0.132,0,0.008,0,0,0,0,0,0,0,0,57.41,37846605,124.027,41.8,16.763,10.202,27216.445,227.331,5.91,23.3,33.1,6.62,78.73
18,Europe,Poland,23/03/2020,634,98,72.714,7,2,0.571,16.752,2.589,1.921,0.185,0.053,0.015,0,0,0,0,0,0,0,0,57.41,37846605,124.027,41.8,16.763,10.202,27216.445,227.331,5.91,23.3,33.1,6.62,78.73
19,Europe,Poland,24/03/2020,749,115,81.714,8,1,0.571,19.79,3.039,2.159,0.211,0.026,0.015,0,0,0,0,0,0,0,0,57.41,37846605,124.027,41.8,16.763,10.202,27216.445,227.331,5.91,23.3,33.1,6.62,78.73
20,Europe,Poland,25/03/2020,901,152,94.714,10,2,0.714,23.807,4.016,2.503,0.264,0.053,0.019,0,0,0,0,0,0,0,0,57.41,37846605,124.027,41.8,16.763,10.202,27216.445,227.331,5.91,23.3,33.1,6.62,78.73
21,Europe,Poland,26/03/2020,1051,150,109.143,14,4,1.286,27.77,3.963,2.884,0.37,0.106,0.034,0,0,0,0,0,0,0,0,57.41,37846605,124.027,41.8,16.763,10.202,27216.445,227.331,5.91,23.3,33.1,6.62,78.73
22,Europe,Poland,27/03/2020,1221,170,123.714,16,2,1.571,32.262,4.492,3.269,0.423,0.053,0.042,0,0,0,0,0,0,0,0,57.41,37846605,124.027,41.8,16.763,10.202,27216.445,227.331,5.91,23.3,33.1,6.62,78.73
23,Europe,Poland,28/03/2020,1389,168,137.714,16,0,1.571,36.701,4.439,3.639,0.423,0,0.042,0,0,0,0,0,0,0,0,57.41,37846605,124.027,41.8,16.763,10.202,27216.445,227.331,5.91,23.3,33.1,6.62,78.73
24,Europe,Poland,29/03/2020,1638,249,157.429,18,2,1.857,43.28,6.579,4.16,0.476,0.053,0.049,0,0,0,0,0,0,0,0,57.41,37846605,124.027,41.8,16.763,10.202,27216.445,227.331,5.91,23.3,33.1,6.62,78.73
25,Europe,Poland,30/03/2020,1862,224,175.429,22,4,2.143,49.199,5.919,4.635,0.581,0.106,0.057,0,0,0,0,0,0,0,0,57.41,37846605,124.027,41.8,16.763,10.202,27216.445,227.331,5.91,23.3,33.1,6.62,78.73
26,Europe,Poland,31/03/2020,2055,193,186.571,31,9,3.286,54.298,5.1,4.93,0.819,0.238,0.087,0,0,0,0,0,0,0,0,81.48,37846605,124.027,41.8,16.763,10.202,27216.445,227.331,5.91,23.3,33.1,6.62,78.73
27,Europe,Poland,01/04/2020,2311,256,201.429,33,2,3.286,61.062,6.764,5.322,0.872,0.053,0.087,0,0,0,0,0,0,0,0,81.48,37846605,124.027,41.8,16.763,10.202,27216.445,227.331,5.91,23.3,33.1,6.62,78.73
28,Europe,Poland,02/04/2020,2554,243,214.714,43,10,4.143,67.483,6.421,5.673,1.136,0.264,0.109,0,0,0,0,0,0,0,0,81.48,37846605,124.027,41.8,16.763,10.202,27216.445,227.331,5.91,23.3,33.1,6.62,78.73
29,Europe,Poland,03/04/2020,2946,392,246.429,57,14,5.857,77.841,10.358,6.511,1.506,0.37,0.155,0,0,0,0,0,0,0,0,81.48,37846605,124.027,41.8,16.763,10.202,27216.445,227.331,5.91,23.3,33.1,6.62,78.73
30,Europe,Poland,04/04/2020,3383,437,284.857,71,14,7.857,89.387,11.547,7.527,1.876,0.37,0.208,0,0,0,0,0,0,0,0,81.48,37846605,124.027,41.8,16.763,10.202,27216.445,227.331,5.91,23.3,33.1,6.62,78.73
31,Europe,Poland,05/04/2020,3627,244,284.143,79,8,8.714,95.834,6.447,7.508,2.087,0.211,0.23,0,0,0,0,0,0,0,0,81.48,37846605,124.027,41.8,16.763,10.202,27216.445,227.331,5.91,23.3,33.1,6.62,78.73
32,Europe,Poland,06/04/2020,4102,475,320,94,15,10.286,108.385,12.551,8.455,2.484,0.396,0.272,0,0,0,0,0,0,0,0,81.48,37846605,124.027,41.8,16.763,10.202,27216.445,227.331,5.91,23.3,33.1,6.62,78.73
33,Europe,Poland,07/04/2020,4413,311,336.857,107,13,10.857,116.602,8.217,8.901,2.827,0.343,0.287,0,0,0,0,0,0,0,0,81.48,37846605,124.027,41.8,16.763,10.202,27216.445,227.331,5.91,23.3,33.1,6.62,78.73
34,Europe,Poland,08/04/2020,4848,435,362.429,129,22,13.714,128.096,11.494,9.576,3.408,0.581,0.362,0,0,0,0,0,0,0,0,81.48,37846605,124.027,41.8,16.763,10.202,27216.445,227.331,5.91,23.3,33.1,6.62,78.73
35,Europe,Poland,09/04/2020,5205,357,378.714,159,30,16.571,137.529,9.433,10.007,4.201,0.793,0.438,0,0,0,0,0,0,0,0,83.33,37846605,124.027,41.8,16.763,10.202,27216.445,227.331,5.91,23.3,33.1,6.62,78.73
36,Europe,Poland,10/04/2020,5575,370,375.571,174,15,16.714,147.305,9.776,9.924,4.598,0.396,0.442,0,0,0,0,0,0,0,0,83.33,37846605,124.027,41.8,16.763,10.202,27216.445,227.331,5.91,23.3,33.1,6.62,78.73
37,Europe,Poland,11/04/2020,5955,380,367.429,181,7,15.714,157.346,10.041,9.708,4.782,0.185,0.415,0,0,0,0,0,0,0,0,83.33,37846605,124.027,41.8,16.763,10.202,27216.445,227.331,5.91,23.3,33.1,6.62,78.73
38,Europe,Poland,12/04/2020,6356,401,389.857,208,27,18.429,167.941,10.595,10.301,5.496,0.713,0.487,0,0,0,0,0,0,0,0,83.33,37846605,124.027,41.8,16.763,10.202,27216.445,227.331,5.91,23.3,33.1,6.62,78.73
39,Europe,Poland,13/04/2020,6674,318,367.429,232,24,19.714,176.343,8.402,9.708,6.13,0.634,0.521,0,0,0,0,0,0,0,0,83.33,37846605,124.027,41.8,16.763,10.202,27216.445,227.331,5.91,23.3,33.1,6.62,78.73
40,Europe,Poland,14/04/2020,6934,260,360.143,245,13,19.714,183.213,6.87,9.516,6.474,0.343,0.521,0,0,0,0,0,0,0,0,83.33,37846605,124.027,41.8,16.763,10.202,27216.445,227.331,5.91,23.3,33.1,6.62,78.73
41,Europe,Poland,15/04/2020,7202,268,336.286,263,18,19.143,190.294,7.081,8.885,6.949,0.476,0.506,0,0,0,0,0,0,0,0,83.33,37846605,124.027,41.8,16.763,10.202,27216.445,227.331,5.91,23.3,33.1,6.62,78.73
42,Europe,Poland,16/04/2020,7582,380,339.571,286,23,18.143,200.335,10.041,8.972,7.557,0.608,0.479,0,0,0,0,0,0,0,0,83.33,37846605,124.027,41.8,16.763,10.202,27216.445,227.331,5.91,23.3,33.1,6.62,78.73
43,Europe,Poland,17/04/2020,7918,336,334.714,314,28,20,209.213,8.878,8.844,8.297,0.74,0.528,0,0,0,0,0,0,0,0,83.33,37846605,124.027,41.8,16.763,10.202,27216.445,227.331,5.91,23.3,33.1,6.62,78.73
44,Europe,Poland,18/04/2020,8379,461,346.286,332,18,21.571,221.394,12.181,9.15,8.772,0.476,0.57,0,0,0,0,0,0,0,0,83.33,37846605,124.027,41.8,16.763,10.202,27216.445,227.331,5.91,23.3,33.1,6.62,78.73
45,Europe,Poland,19/04/2020,8742,363,340.857,347,15,19.857,230.985,9.591,9.006,9.169,0.396,0.525,0,0,0,0,0,0,0,0,83.33,37846605,124.027,41.8,16.763,10.202,27216.445,227.331,5.91,23.3,33.1,6.62,78.73
46,Europe,Poland,20/04/2020,9287,545,373.286,360,13,18.286,245.385,14.4,9.863,9.512,0.343,0.483,0,0,0,0,0,0,0,0,83.33,37846605,124.027,41.8,16.763,10.202,27216.445,227.331,5.91,23.3,33.1,6.62,78.73
47,Europe,Poland,21/04/2020,9593,306,379.857,380,20,19.286,253.471,8.085,10.037,10.041,0.528,0.51,0,0,0,0,0,0,0,0,83.33,37846605,124.027,41.8,16.763,10.202,27216.445,227.331,5.91,23.3,33.1,6.62,78.73
48,Europe,Poland,22/04/2020,9856,263,379.143,401,21,19.714,260.42,6.949,10.018,10.595,0.555,0.521,0,0,0,0,0,0,0,0,83.33,37846605,124.027,41.8,16.763,10.202,27216.445,227.331,5.91,23.3,33.1,6.62,78.73
49,Europe,Poland,23/04/2020,10169,313,369.571,426,25,20,268.69,8.27,9.765,11.256,0.661,0.528,0,0,0,0,0,0,0,0,83.33,37846605,124.027,41.8,16.763,10.202,27216.445,227.331,5.91,23.3,33.1,6.62,78.73
50,Europe,Poland,24/04/2020,10511,342,370.429,454,28,20,277.726,9.036,9.788,11.996,0.74,0.528,0,0,0,0,0,0,0,0,83.33,37846605,124.027,41.8,16.763,10.202,27216.445,227.331,5.91,23.3,33.1,6.62,78.73
51,Europe,Poland,25/04/2020,10892,381,359,494,40,23.143,287.793,10.067,9.486,13.053,1.057,0.611,0,0,0,0,0,0,0,0,83.33,37846605,124.027,41.8,16.763,10.202,27216.445,227.331,5.91,23.3,33.1,6.62,78.73
52,Europe,Poland,26/04/2020,11273,381,361.571,524,30,25.286,297.86,10.067,9.554,13.845,0.793,0.668,0,0,0,0,0,0,0,0,83.33,37846605,124.027,41.8,16.763,10.202,27216.445,227.331,5.91,23.3,33.1,6.62,78.73
53,Europe,Poland,27/04/2020,11617,344,332.857,535,11,25,306.95,9.089,8.795,14.136,0.291,0.661,0,0,0,0,0,0,0,0,83.33,37846605,124.027,41.8,16.763,10.202,27216.445,227.331,5.91,23.3,33.1,6.62,78.73
54,Europe,Poland,28/04/2020,11902,285,329.857,562,27,26,314.48,7.53,8.716,14.849,0.713,0.687,0,281787,7.446,0,0,0,0,0,83.33,37846605,124.027,41.8,16.763,10.202,27216.445,227.331,5.91,23.3,33.1,6.62,78.73
55,Europe,Poland,29/04/2020,12218,316,337.429,596,34,27.857,322.829,8.349,8.916,15.748,0.898,0.736,12802,294589,7.784,0.338,0,0,0,0,83.33,37846605,124.027,41.8,16.763,10.202,27216.445,227.331,5.91,23.3,33.1,6.62,78.73
56,Europe,Poland,30/04/2020,12640,422,353,624,28,28.286,333.98,11.15,9.327,16.488,0.74,0.747,12509,307098,8.114,0.331,0,0,0,0,83.33,37846605,124.027,41.8,16.763,10.202,27216.445,227.331,5.91,23.3,33.1,6.62,78.73
57,Europe,Poland,01/05/2020,12877,237,338,644,20,27.143,340.242,6.262,8.931,17.016,0.528,0.717,15651,322749,8.528,0.414,0,0,0,0,83.33,37846605,124.027,41.8,16.763,10.202,27216.445,227.331,5.91,23.3,33.1,6.62,78.73
58,Europe,Poland,02/05/2020,13105,228,316.143,651,7,22.429,346.266,6.024,8.353,17.201,0.185,0.593,10613,333362,8.808,0.28,0,0,0,0,83.33,37846605,124.027,41.8,16.763,10.202,27216.445,227.331,5.91,23.3,33.1,6.62,78.73
59,Europe,Poland,03/05/2020,13375,270,300.286,664,13,20,353.4,7.134,7.934,17.545,0.343,0.528,9382,342744,9.056,0.248,0,0,0,0,83.33,37846605,124.027,41.8,16.763,10.202,27216.445,227.331,5.91,23.3,33.1,6.62,78.73
60,Europe,Poland,04/05/2020,13693,318,296.571,678,14,20.429,361.803,8.402,7.836,17.914,0.37,0.54,7304,350048,9.249,0.193,0,0,0,0,83.33,37846605,124.027,41.8,16.763,10.202,27216.445,227.331,5.91,23.3,33.1,6.62,78.73
61,Europe,Poland,05/05/2020,14006,313,300.571,698,20,19.429,370.073,8.27,7.942,18.443,0.528,0.513,9642,359690,9.504,0.255,11129,0.294,37.026,0.027,83.33,37846605,124.027,41.8,16.763,10.202,27216.445,227.331,5.91,23.3,33.1,6.62,78.73
62,Europe,Poland,06/05/2020,14431,425,316.143,716,18,17.143,381.302,11.23,8.353,18.918,0.476,0.453,15004,374694,9.9,0.396,11444,0.302,36.199,0.028,83.33,37846605,124.027,41.8,16.763,10.202,27216.445,227.331,5.91,23.3,33.1,6.62,78.73
63,Europe,Poland,07/05/2020,14740,309,300,733,17,15.571,389.467,8.165,7.927,19.368,0.449,0.411,14382,389076,10.28,0.38,11711,0.309,39.037,0.026,83.33,37846605,124.027,41.8,16.763,10.202,27216.445,227.331,5.91,23.3,33.1,6.62,78.73
64,Europe,Poland,08/05/2020,15047,307,310,755,22,15.857,397.579,8.112,8.191,19.949,0.581,0.419,16206,405282,10.709,0.428,11790,0.312,38.032,0.026,83.33,37846605,124.027,41.8,16.763,10.202,27216.445,227.331,5.91,23.3,33.1,6.62,78.73
65,Europe,Poland,09/05/2020,15366,319,323,776,21,17.857,406.007,8.429,8.534,20.504,0.555,0.472,15886,421168,11.128,0.42,12544,0.331,38.836,0.026,83.33,37846605,124.027,41.8,16.763,10.202,27216.445,227.331,5.91,23.3,33.1,6.62,78.73
66,Europe,Poland,10/05/2020,15651,285,325.143,785,9,17.286,413.538,7.53,8.591,20.742,0.238,0.457,15473,436641,11.537,0.409,13414,0.354,41.256,0.024,83.33,37846605,124.027,41.8,16.763,10.202,27216.445,227.331,5.91,23.3,33.1,6.62,78.73
67,Europe,Poland,11/05/2020,15996,345,329,800,15,17.429,422.653,9.116,8.693,21.138,0.396,0.461,13613,450254,11.897,0.36,14315,0.378,43.511,0.023,83.33,37846605,124.027,41.8,16.763,10.202,27216.445,227.331,5.91,23.3,33.1,6.62,78.73
68,Europe,Poland,12/05/2020,16326,330,331.429,811,11,16.143,431.373,8.719,8.757,21.429,0.291,0.427,15722,465976,12.312,0.415,15184,0.401,45.814,0.022,83.33,37846605,124.027,41.8,16.763,10.202,27216.445,227.331,5.91,23.3,33.1,6.62,78.73
69,Europe,Poland,13/05/2020,16921,595,355.714,839,28,17.571,447.094,15.721,9.399,22.168,0.74,0.464,19193,485169,12.819,0.507,15782,0.417,44.367,0.023,83.33,37846605,124.027,41.8,16.763,10.202,27216.445,227.331,5.91,23.3,33.1,6.62,78.73
70,Europe,Poland,14/05/2020,17204,283,352,861,22,18.286,454.572,7.478,9.301,22.75,0.581,0.483,21564,506733,13.389,0.57,16808,0.444,47.75,0.021,83.33,37846605,124.027,41.8,16.763,10.202,27216.445,227.331,5.91,23.3,33.1,6.62,78.73
71,Europe,Poland,15/05/2020,17615,411,366.857,883,22,18.286,465.431,10.86,9.693,23.331,0.581,0.483,20162,526895,13.922,0.533,17373,0.459,47.356,0.021,83.33,37846605,124.027,41.8,16.763,10.202,27216.445,227.331,5.91,23.3,33.1,6.62,78.73
72,Europe,Poland,16/05/2020,18016,401,378.571,907,24,18.714,476.027,10.595,10.003,23.965,0.634,0.494,22897,549792,14.527,0.605,18375,0.486,48.538,0.021,83.33,37846605,124.027,41.8,16.763,10.202,27216.445,227.331,5.91,23.3,33.1,6.62,78.73
73,Europe,Poland,17/05/2020,18257,241,372.286,915,8,18.571,482.395,6.368,9.837,24.177,0.211,0.491,17263,567055,14.983,0.456,18631,0.492,50.045,0.02,83.33,37846605,124.027,41.8,16.763,10.202,27216.445,227.331,5.91,23.3,33.1,6.62,78.73
74,Europe,Poland,18/05/2020,18529,272,361.857,925,10,17.857,489.582,7.187,9.561,24.441,0.264,0.472,14416,581471,15.364,0.381,18745,0.495,51.802,0.019,83.33,37846605,124.027,41.8,16.763,10.202,27216.445,227.331,5.91,23.3,33.1,6.62,78.73
75,Europe,Poland,19/05/2020,18885,356,365.571,936,11,17.857,498.988,9.406,9.659,24.731,0.291,0.472,16254,597725,15.793,0.429,18821,0.497,51.484,0.019,83.33,37846605,124.027,41.8,16.763,10.202,27216.445,227.331,5.91,23.3,33.1,6.62,78.73
76,Europe,Poland,20/05/2020,19268,383,335.286,948,12,15.571,509.108,10.12,8.859,25.048,0.317,0.411,20242,617967,16.328,0.535,18971,0.501,56.582,0.018,83.33,37846605,124.027,41.8,16.763,10.202,27216.445,227.331,5.91,23.3,33.1,6.62,78.73
77,Europe,Poland,21/05/2020,19739,471,362.143,962,14,14.429,521.553,12.445,9.569,25.418,0.37,0.381,21556,639523,16.898,0.57,18970,0.501,52.383,0.019,83.33,37846605,124.027,41.8,16.763,10.202,27216.445,227.331,5.91,23.3,33.1,6.62,78.73
78,Europe,Poland,22/05/2020,20143,404,361.143,972,10,12.714,532.227,10.675,9.542,25.683,0.264,0.336,21277,660800,17.46,0.562,19129,0.505,52.968,0.019,83.33,37846605,124.027,41.8,16.763,10.202,27216.445,227.331,5.91,23.3,33.1,6.62,78.73
79,Europe,Poland,23/05/2020,20619,476,371.857,982,10,10.714,544.804,12.577,9.825,25.947,0.264,0.283,26280,687080,18.154,0.694,19613,0.518,52.743,0.019,83.33,37846605,124.027,41.8,16.763,10.202,27216.445,227.331,5.91,23.3,33.1,6.62,78.73
80,Europe,Poland,24/05/2020,20931,312,382,993,11,11.143,553.048,8.244,10.093,26.237,0.291,0.294,14889,701969,18.548,0.393,19273,0.509,50.453,0.02,83.33,37846605,124.027,41.8,16.763,10.202,27216.445,227.331,5.91,23.3,33.1,6.62,78.73
81,Europe,Poland,25/05/2020,21326,395,399.571,996,3,10.143,563.485,10.437,10.558,26.317,0.079,0.268,10706,712675,18.831,0.283,18743,0.495,46.908,0.021,79.63,37846605,124.027,41.8,16.763,10.202,27216.445,227.331,5.91,23.3,33.1,6.62,78.73
82,Europe,Poland,26/05/2020,21631,305,392.286,1007,11,10.143,571.544,8.059,10.365,26.607,0.291,0.268,21026,733701,19.386,0.556,19425,0.513,49.517,0.02,79.63,37846605,124.027,41.8,16.763,10.202,27216.445,227.331,5.91,23.3,33.1,6.62,78.73
83,Europe,Poland,27/05/2020,22074,443,400.857,1024,17,10.857,583.249,11.705,10.592,27.057,0.449,0.287,19974,753675,19.914,0.528,19387,0.512,48.364,0.021,79.63,37846605,124.027,41.8,16.763,10.202,27216.445,227.331,5.91,23.3,33.1,6.62,78.73
84,Europe,Poland,28/05/2020,22473,399,390.571,1028,4,9.429,593.792,10.543,10.32,27.162,0.106,0.249,19950,773625,20.441,0.527,19157,0.506,49.049,0.02,79.63,37846605,124.027,41.8,16.763,10.202,27216.445,227.331,5.91,23.3,33.1,6.62,78.73
85,Europe,Poland,29/05/2020,22825,352,383.143,1038,10,9.429,603.092,9.301,10.124,27.427,0.264,0.249,24851,798476,21.098,0.657,19668,0.52,51.333,0.019,79.63,37846605,124.027,41.8,16.763,10.202,27216.445,227.331,5.91,23.3,33.1,6.62,78.73
86,Europe,Poland,30/05/2020,23155,330,362.286,1051,13,9.857,611.812,8.719,9.572,27.77,0.343,0.26,23335,821811,21.714,0.617,19247,0.509,53.127,0.019,64.81,37846605,124.027,41.8,16.763,10.202,27216.445,227.331,5.91,23.3,33.1,6.62,78.73
87,Europe,Poland,31/05/2020,23571,416,377.143,1061,10,9.714,622.804,10.992,9.965,28.034,0.264,0.257,14487,836298,22.097,0.383,19190,0.507,50.883,0.02,64.81,37846605,124.027,41.8,16.763,10.202,27216.445,227.331,5.91,23.3,33.1,6.62,78.73
88,Europe,Poland,01/06/2020,23786,215,351.429,1064,3,9.714,628.484,5.681,9.286,28.113,0.079,0.257,14119,850417,22.47,0.373,19677,0.52,55.991,0.018,64.81,37846605,124.027,41.8,16.763,10.202,27216.445,227.331,5.91,23.3,33.1,6.62,78.73
89,Europe,Poland,02/06/2020,24165,379,362,1074,10,9.571,638.498,10.014,9.565,28.378,0.264,0.253,12466,862883,22.799,0.329,18455,0.488,50.981,0.02,53.7,37846605,124.027,41.8,16.763,10.202,27216.445,227.331,5.91,23.3,33.1,6.62,78.73
90,Europe,Poland,03/06/2020,24395,230,331.571,1092,18,9.714,644.576,6.077,8.761,28.853,0.476,0.257,19024,881907,23.302,0.503,18319,0.484,55.249,0.018,53.7,37846605,124.027,41.8,16.763,10.202,27216.445,227.331,5.91,23.3,33.1,6.62,78.73
91,Europe,Poland,04/06/2020,24687,292,316.286,1115,23,12.429,652.291,7.715,8.357,29.461,0.608,0.328,21579,903486,23.872,0.57,18552,0.49,58.656,0.017,53.7,37846605,124.027,41.8,16.763,10.202,27216.445,227.331,5.91,23.3,33.1,6.62,78.73
92,Europe,Poland,05/06/2020,25048,361,317.571,1117,2,11.286,661.83,9.539,8.391,29.514,0.053,0.298,21410,924896,24.438,0.566,18060,0.477,56.869,0.018,53.7,37846605,124.027,41.8,16.763,10.202,27216.445,227.331,5.91,23.3,33.1,6.62,78.73
93,Europe,Poland,06/06/2020,25419,371,323.429,1137,20,12.286,671.632,9.803,8.546,30.042,0.528,0.325,20752,945648,24.986,0.548,17691,0.467,54.698,0.018,53.7,37846605,124.027,41.8,16.763,10.202,27216.445,227.331,5.91,23.3,33.1,6.62,78.73
94,Europe,Poland,07/06/2020,25986,567,345,1153,16,13.143,686.614,14.982,9.116,30.465,0.423,0.347,15664,961312,25.4,0.414,17859,0.472,51.765,0.019,53.7,37846605,124.027,41.8,16.763,10.202,27216.445,227.331,5.91,23.3,33.1,6.62,78.73
95,Europe,Poland,08/06/2020,26561,575,396.429,1157,4,13.286,701.807,15.193,10.475,30.571,0.106,0.351,12241,973553,25.724,0.323,17591,0.465,44.374,0.023,53.7,37846605,124.027,41.8,16.763,10.202,27216.445,227.331,5.91,23.3,33.1,6.62,78.73
96,Europe,Poland,09/06/2020,27160,599,427.857,1166,9,13.143,717.634,15.827,11.305,30.809,0.238,0.347,14798,988351,26.115,0.391,17924,0.474,41.892,0.024,53.7,37846605,124.027,41.8,16.763,10.202,27216.445,227.331,5.91,23.3,33.1,6.62,78.73
97,Europe,Poland,10/06/2020,27560,400,452.143,1183,17,13,728.203,10.569,11.947,31.258,0.449,0.343,19368,1007719,26.626,0.512,17973,0.475,39.751,0.025,53.7,37846605,124.027,41.8,16.763,10.202,27216.445,227.331,5.91,23.3,33.1,6.62,78.73
98,Europe,Poland,11/06/2020,27757,197,438.571,1206,23,13,733.408,5.205,11.588,31.865,0.608,0.343,16542,1024261,27.063,0.437,17254,0.456,39.341,0.025,53.7,37846605,124.027,41.8,16.763,10.202,27216.445,227.331,5.91,23.3,33.1,6.62,78.73
99,Europe,Poland,12/06/2020,28201,444,450.429,1215,9,14,745.139,11.732,11.901,32.103,0.238,0.37,19378,1043639,27.575,0.512,16963,0.448,37.66,0.027,53.7,37846605,124.027,41.8,16.763,10.202,27216.445,227.331,5.91,23.3,33.1,6.62,78.73
100,Europe,Poland,13/06/2020,28577,376,451.143,1222,7,12.143,755.074,9.935,11.92,32.288,0.185,0.321,15563,1059202,27.987,0.411,16222,0.429,35.958,0.028,53.7,37846605,124.027,41.8,16.763,10.202,27216.445,227.331,5.91,23.3,33.1,6.62,78.73
101,Europe,Poland,14/06/2020,29017,440,433,1237,15,12,766.7,11.626,11.441,32.685,0.396,0.317,17049,1076251,28.437,0.45,16420,0.434,37.921,0.026,53.7,37846605,124.027,41.8,16.763,10.202,27216.445,227.331,5.91,23.3,33.1,6.62,78.73
102,Europe,Poland,15/06/2020,29392,375,404.429,1247,10,12.857,776.609,9.908,10.686,32.949,0.264,0.34,10676,1086927,28.719,0.282,16196,0.428,40.047,0.025,50.93,37846605,124.027,41.8,16.763,10.202,27216.445,227.331,5.91,23.3,33.1,6.62,78.73
103,Europe,Poland,16/06/2020,29788,396,375.429,1256,9,12.857,787.072,10.463,9.92,33.187,0.238,0.34,16403,1103330,29.153,0.433,16426,0.434,43.753,0.023,50.93,37846605,124.027,41.8,16.763,10.202,27216.445,227.331,5.91,23.3,33.1,6.62,78.73
104,Europe,Poland,17/06/2020,30195,407,376.429,1272,16,12.714,797.826,10.754,9.946,33.609,0.423,0.336,22982,1126312,29.76,0.607,16942,0.448,45.007,0.022,50.93,37846605,124.027,41.8,16.763,10.202,27216.445,227.331,5.91,23.3,33.1,6.62,78.73
105,Europe,Poland,18/06/2020,30701,506,420.571,1286,14,11.429,811.196,13.37,11.113,33.979,0.37,0.302,20906,1147218,30.312,0.552,17565,0.464,41.765,0.024,50.93,37846605,124.027,41.8,16.763,10.202,27216.445,227.331,5.91,23.3,33.1,6.62,78.73
106,Europe,Poland,19/06/2020,31015,314,402,1316,30,14.429,819.492,8.297,10.622,34.772,0.793,0.381,23543,1170761,30.934,0.622,18160,0.48,45.174,0.022,50.93,37846605,124.027,41.8,16.763,10.202,27216.445,227.331,5.91,23.3,33.1,6.62,78.73
107,Europe,Poland,20/06/2020,31316,301,391.286,1334,18,16,827.445,7.953,10.339,35.248,0.476,0.423,19640,1190401,31.453,0.519,18743,0.495,47.901,0.021,50.93,37846605,124.027,41.8,16.763,10.202,27216.445,227.331,5.91,23.3,33.1,6.62,78.73
108,Europe,Poland,21/06/2020,31620,304,371.857,1346,12,15.571,835.478,8.032,9.825,35.565,0.317,0.411,18231,1208632,31.935,0.482,18912,0.5,50.858,0.02,50.93,37846605,124.027,41.8,16.763,10.202,27216.445,227.331,5.91,23.3,33.1,6.62,78.73
109,Europe,Poland,22/06/2020,31931,311,362.714,1356,10,15.571,843.695,8.217,9.584,35.829,0.264,0.411,11041,1219673,32.227,0.292,18964,0.501,52.284,0.019,50.93,37846605,124.027,41.8,16.763,10.202,27216.445,227.331,5.91,23.3,33.1,6.62,78.73
110,Europe,Poland,23/06/2020,32227,296,348.429,1359,3,14.714,851.516,7.821,9.206,35.908,0.079,0.389,18077,1237750,32.704,0.478,19203,0.507,55.113,0.018,50.93,37846605,124.027,41.8,16.763,10.202,27216.445,227.331,5.91,23.3,33.1,6.62,78.73
111,Europe,Poland,24/06/2020,32527,300,333.143,1375,16,14.714,859.443,7.927,8.802,36.331,0.423,0.389,19251,1257001,33.213,0.509,18670,0.493,56.042,0.018,50.93,37846605,124.027,41.8,16.763,10.202,27216.445,227.331,5.91,23.3,33.1,6.62,78.73
112,Europe,Poland,25/06/2020,32821,294,302.857,1396,21,15.714,867.211,7.768,8.002,36.886,0.555,0.415,21453,1278454,33.78,0.567,18748,0.495,61.904,0.016,50.93,37846605,124.027,41.8,16.763,10.202,27216.445,227.331,5.91,23.3,33.1,6.62,78.73
113,Europe,Poland,26/06/2020,33119,298,300.571,1412,16,13.714,875.085,7.874,7.942,37.308,0.423,0.362,18336,1296790,34.264,0.484,18004,0.476,59.899,0.017,50.93,37846605,124.027,41.8,16.763,10.202,27216.445,227.331,5.91,23.3,33.1,6.62,78.73
114,Europe,Poland,27/06/2020,33395,276,297,1429,17,13.571,882.378,7.293,7.847,37.758,0.449,0.359,19143,1315933,34.77,0.506,17933,0.474,60.38,0.017,50.93,37846605,124.027,41.8,16.763,10.202,27216.445,227.331,5.91,23.3,33.1,6.62,78.73
115,Europe,Poland,28/06/2020,33714,319,299.143,1435,6,12.714,890.806,8.429,7.904,37.916,0.159,0.336,14818,1330751,35.162,0.392,17446,0.461,58.32,0.017,50.93,37846605,124.027,41.8,16.763,10.202,27216.445,227.331,5.91,23.3,33.1,6.62,78.73
116,Europe,Poland,29/06/2020,33907,193,282.286,1438,3,11.714,895.906,5.1,7.459,37.995,0.079,0.31,7752,1338503,35.367,0.205,16976,0.449,60.138,0.017,50.93,37846605,124.027,41.8,16.763,10.202,27216.445,227.331,5.91,23.3,33.1,6.62,78.73
117,Europe,Poland,30/06/2020,34154,247,275.286,1444,6,12.143,902.432,6.526,7.274,38.154,0.159,0.321,17807,1356310,35.837,0.471,16937,0.448,61.525,0.016,50.93,37846605,124.027,41.8,16.763,10.202,27216.445,227.331,5.91,23.3,33.1,6.62,78.73
118,Europe,Poland,01/07/2020,34393,239,266.571,1463,19,12.571,908.747,6.315,7.043,38.656,0.502,0.332,21064,1377374,36.394,0.557,17196,0.454,64.508,0.016,50.93,37846605,124.027,41.8,16.763,10.202,27216.445,227.331,5.91,23.3,33.1,6.62,78.73
119,Europe,Poland,02/07/2020,34775,382,279.143,1477,14,11.571,918.841,10.093,7.376,39.026,0.37,0.306,18803,1396177,36.89,0.497,16818,0.444,60.249,0.017,50.93,37846605,124.027,41.8,16.763,10.202,27216.445,227.331,5.91,23.3,33.1,6.62,78.73
120,Europe,Poland,03/07/2020,35146,371,289.571,1492,15,11.429,928.643,9.803,7.651,39.422,0.396,0.302,23257,1419434,37.505,0.615,17521,0.463,60.507,0.017,50.93,37846605,124.027,41.8,16.763,10.202,27216.445,227.331,5.91,23.3,33.1,6.62,78.73
121,Europe,Poland,04/07/2020,35405,259,287.143,1507,15,11.143,935.487,6.843,7.587,39.819,0.396,0.294,18415,1437849,37.991,0.487,17417,0.46,60.656,0.016,50.93,37846605,124.027,41.8,16.763,10.202,27216.445,227.331,5.91,23.3,33.1,6.62,78.73
122,Europe,Poland,05/07/2020,35719,314,286.429,1512,5,11,943.783,8.297,7.568,39.951,0.132,0.291,14938,1452787,38.386,0.395,17434,0.461,60.867,0.016,50.93,37846605,124.027,41.8,16.763,10.202,27216.445,227.331,5.91,23.3,33.1,6.62,78.73
123,Europe,Poland,06/07/2020,35950,231,291.857,1517,5,11.286,949.887,6.104,7.712,40.083,0.132,0.298,12125,1464912,38.707,0.32,18058,0.477,61.873,0.016,50.93,37846605,124.027,41.8,16.763,10.202,27216.445,227.331,5.91,23.3,33.1,6.62,78.73
124,Europe,Poland,07/07/2020,36155,205,285.857,1521,4,11,955.304,5.417,7.553,40.189,0.106,0.291,16307,1481219,39.137,0.431,17844,0.471,62.423,0.016,50.93,37846605,124.027,41.8,16.763,10.202,27216.445,227.331,5.91,23.3,33.1,6.62,78.73
125,Europe,Poland,08/07/2020,36412,257,288.429,1528,7,9.286,962.094,6.791,7.621,40.374,0.185,0.245,29354,1510573,39.913,0.776,19028,0.503,65.971,0.015,50.93,37846605,124.027,41.8,16.763,10.202,27216.445,227.331,5.91,23.3,33.1,6.62,78.73
126,Europe,Poland,09/07/2020,36689,277,273.429,1542,14,9.286,969.413,7.319,7.225,40.743,0.37,0.245,18781,1529354,40.409,0.496,19025,0.503,69.579,0.014,39.81,37846605,124.027,41.8,16.763,10.202,27216.445,227.331,5.91,23.3,33.1,6.62,78.73
127,Europe,Poland,10/07/2020,36951,262,257.857,1551,9,8.429,976.336,6.923,6.813,40.981,0.238,0.223,19352,1548706,40.921,0.511,18467,0.488,71.617,0.014,39.81,37846605,124.027,41.8,16.763,10.202,27216.445,227.331,5.91,23.3,33.1,6.62,78.73
128,Europe,Poland,11/07/2020,37216,265,258.714,1562,11,7.857,983.338,7.002,6.836,41.272,0.291,0.208,32734,1581440,41.786,0.865,20513,0.542,79.288,0.013,39.81,37846605,124.027,41.8,16.763,10.202,27216.445,227.331,5.91,23.3,33.1,6.62,78.73
129,Europe,Poland,12/07/2020,37521,305,257.429,1568,6,8,991.397,8.059,6.802,41.43,0.159,0.211,13195,1594635,42.134,0.349,20264,0.535,78.717,0.013,39.81,37846605,124.027,41.8,16.763,10.202,27216.445,227.331,5.91,23.3,33.1,6.62,78.73
130,Europe,Poland,13/07/2020,37891,370,277.286,1571,3,7.714,1001.173,9.776,7.327,41.51,0.079,0.204,10709,1605344,42.417,0.283,20062,0.53,72.351,0.014,39.81,37846605,124.027,41.8,16.763,10.202,27216.445,227.331,5.91,23.3,33.1,6.62,78.73
131,Europe,Poland,14/07/2020,38190,299,290.714,1576,5,7.857,1009.073,7.9,7.681,41.642,0.132,0.208,16628,1621972,42.856,0.439,20108,0.531,69.168,0.014,39.81,37846605,124.027,41.8,16.763,10.202,27216.445,227.331,5.91,23.3,33.1,6.62,78.73
132,Europe,Poland,15/07/2020,38457,267,292.143,1588,12,8.571,1016.128,7.055,7.719,41.959,0.317,0.226,19918,1641890,43.383,0.526,18760,0.496,64.215,0.016,39.81,37846605,124.027,41.8,16.763,10.202,27216.445,227.331,5.91,23.3,33.1,6.62,78.73
133,Europe,Poland,16/07/2020,38780,323,298.714,1594,6,7.429,1024.663,8.534,7.893,42.117,0.159,0.196,20016,1661906,43.912,0.529,18936,0.5,63.392,0.016,39.81,37846605,124.027,41.8,16.763,10.202,27216.445,227.331,5.91,23.3,33.1,6.62,78.73
134,Europe,Poland,17/07/2020,39054,274,300.429,1605,11,7.714,1031.902,7.24,7.938,42.408,0.291,0.204,20567,1682473,44.455,0.543,19110,0.505,63.609,0.016,39.81,37846605,124.027,41.8,16.763,10.202,27216.445,227.331,5.91,23.3,33.1,6.62,78.73
135,Europe,Poland,18/07/2020,39407,353,313,1612,7,7.143,1041.229,9.327,8.27,42.593,0.185,0.189,18927,1701400,44.955,0.5,17137,0.453,54.751,0.018,39.81,37846605,124.027,41.8,16.763,10.202,27216.445,227.331,5.91,23.3,33.1,6.62,78.73
136,Europe,Poland,19/07/2020,39746,339,317.857,1618,6,7.143,1050.187,8.957,8.399,42.752,0.159,0.189,13956,1715356,45.324,0.369,17246,0.456,54.257,0.018,39.81,37846605,124.027,41.8,16.763,10.202,27216.445,227.331,5.91,23.3,33.1,6.62,78.73
137,Europe,Poland,20/07/2020,40104,358,316.143,1624,6,7.571,1059.646,9.459,8.353,42.91,0.159,0.2,10091,1725447,45.591,0.267,17158,0.453,54.273,0.018,39.81,37846605,124.027,41.8,16.763,10.202,27216.445,227.331,5.91,23.3,33.1,6.62,78.73
138,Europe,Poland,21/07/2020,40383,279,313.286,1627,3,7.286,1067.018,7.372,8.278,42.989,0.079,0.193,16162,1741609,46.018,0.427,17091,0.452,54.554,0.018,39.81,37846605,124.027,41.8,16.763,10.202,27216.445,227.331,5.91,23.3,33.1,6.62,78.73
139,Europe,Poland,22/07/2020,40782,399,332.143,1636,9,6.857,1077.56,10.543,8.776,43.227,0.238,0.181,19656,1761265,46.537,0.519,17054,0.451,51.345,0.019,39.81,37846605,124.027,41.8,16.763,10.202,27216.445,227.331,5.91,23.3,33.1,6.62,78.73
140,Europe,Poland,23/07/2020,41162,380,340.286,1642,6,6.857,1087.601,10.041,8.991,43.386,0.159,0.181,20985,1782250,47.091,0.554,17192,0.454,50.522,0.02,39.81,37846605,124.027,41.8,16.763,10.202,27216.445,227.331,5.91,23.3,33.1,6.62,78.73
141,Europe,Poland,24/07/2020,41580,418,360.857,1651,9,6.571,1098.645,11.045,9.535,43.623,0.238,0.174,18098,1800348,47.57,0.478,16839,0.445,46.664,0.021,39.81,37846605,124.027,41.8,16.763,10.202,27216.445,227.331,5.91,23.3,33.1,6.62,78.73
142,Europe,Poland,25/07/2020,42038,458,375.857,1655,4,6.143,1110.747,12.101,9.931,43.729,0.106,0.162,20010,1820358,48.098,0.529,16994,0.449,45.214,0.022,39.81,37846605,124.027,41.8,16.763,10.202,27216.445,227.331,5.91,23.3,33.1,6.62,78.73
143,Europe,Poland,26/07/2020,42622,584,410.857,1664,9,6.571,1126.178,15.431,10.856,43.967,0.238,0.174,20010,1820358,48.098,0.529,16951,0.448,41.258,0.024,39.81,37846605,124.027,41.8,16.763,10.202,27216.445,227.331,5.91,23.3,33.1,6.62,78.73
144,Europe,Poland,27/07/2020,43065,443,423,1671,7,6.714,1137.883,11.705,11.177,44.152,0.185,0.177,20010,1847663,48.82,0.529,17459,0.461,41.274,0.024,39.81,37846605,124.027,41.8,16.763,10.202,27216.445,227.331,5.91,23.3,33.1,6.62,78.73
145,Europe,Poland,28/07/2020,43402,337,431.286,1676,5,7,1146.787,8.904,11.396,44.284,0.132,0.185,16440,1864103,49.254,0.434,17499,0.462,40.574,0.025,39.81,37846605,124.027,41.8,16.763,10.202,27216.445,227.331,5.91,23.3,33.1,6.62,78.73
146,Europe,Poland,29/07/2020,43904,502,446,1682,6,6.571,1160.051,13.264,11.784,44.443,0.159,0.174,22969,1887072,49.861,0.607,17972,0.475,40.296,0.025,39.81,37846605,124.027,41.8,16.763,10.202,27216.445,227.331,5.91,23.3,33.1,6.62,78.73
147,Europe,Poland,30/07/2020,44416,512,464.857,1694,12,7.429,1173.58,13.528,12.283,44.76,0.317,0.196,22108,1909180,50.445,0.584,18133,0.479,39.008,0.026,39.81,37846605,124.027,41.8,16.763,10.202,27216.445,227.331,5.91,23.3,33.1,6.62,78.73
148,Europe,Poland,31/07/2020,45031,615,493,1709,15,8.286,1189.829,16.25,13.026,45.156,0.396,0.219,22394,1931574,51.037,0.592,18747,0.495,38.026,0.026,39.81,37846605,124.027,41.8,16.763,10.202,27216.445,227.331,5.91,23.3,33.1,6.62,78.73
149,Europe,Poland,01/08/2020,45688,657,521.429,1716,7,8.714,1207.189,17.36,13.777,45.341,0.185,0.23,21262,1952836,51.599,0.562,18925,0.5,36.295,0.028,39.81,37846605,124.027,41.8,16.763,10.202,27216.445,227.331,5.91,23.3,33.1,6.62,78.73
150,Europe,Poland,02/08/2020,46346,658,532,1721,5,8.143,1224.575,17.386,14.057,45.473,0.132,0.215,16734,1969570,52.041,0.442,19366,0.512,36.402,0.027,39.81,37846605,124.027,41.8,16.763,10.202,27216.445,227.331,5.91,23.3,33.1,6.62,78.73
151,Europe,Poland,03/08/2020,46894,548,547,1731,10,8.571,1239.054,14.48,14.453,45.737,0.264,0.226,11071,1980641,52.333,0.293,18997,0.502,34.729,0.029,39.81,37846605,124.027,41.8,16.763,10.202,27216.445,227.331,5.91,23.3,33.1,6.62,78.73
152,Europe,Poland,04/08/2020,47469,575,581,1732,1,8,1254.247,15.193,15.351,45.764,0.026,0.211,18888,1999529,52.832,0.499,19347,0.511,33.299,0.03,39.81,37846605,124.027,41.8,16.763,10.202,27216.445,227.331,5.91,23.3,33.1,6.62,78.73
153,Europe,Poland,05/08/2020,48149,680,606.429,1738,6,8,1272.215,17.967,16.023,45.922,0.159,0.211,28422,2027951,53.583,0.751,20126,0.532,33.188,0.03,39.81,37846605,124.027,41.8,16.763,10.202,27216.445,227.331,5.91,23.3,33.1,6.62,78.73
154,Europe,Poland,06/08/2020,48789,640,624.714,1756,18,8.857,1289.125,16.91,16.506,46.398,0.476,0.234,21278,2049229,54.146,0.562,20007,0.529,32.026,0.031,39.81,37846605,124.027,41.8,16.763,10.202,27216.445,227.331,5.91,23.3,33.1,6.62,78.73
155,Europe,Poland,07/08/2020,49515,726,640.571,1774,18,9.286,1308.308,19.183,16.925,46.873,0.476,0.245,25244,2074473,54.813,0.667,20414,0.539,31.868,0.031,39.81,37846605,124.027,41.8,16.763,10.202,27216.445,227.331,5.91,23.3,33.1,6.62,78.73
156,Europe,Poland,08/08/2020,50324,809,662.286,1787,13,10.143,1329.683,21.376,17.499,47.217,0.343,0.268,28307,2102780,55.561,0.748,21421,0.566,32.344,0.031,39.81,37846605,124.027,41.8,16.763,10.202,27216.445,227.331,5.91,23.3,33.1,6.62,78.73
157,Europe,Poland,09/08/2020,51167,843,688.714,1800,13,11.286,1351.957,22.274,18.198,47.56,0.343,0.298,20842,2123622,56.111,0.551,22007,0.581,31.954,0.031,39.81,37846605,124.027,41.8,16.763,10.202,27216.445,227.331,5.91,23.3,33.1,6.62,78.73
158,Europe,Poland,10/08/2020,51791,624,699.571,1807,7,10.857,1368.445,16.488,18.484,47.745,0.185,0.287,14399,2138021,56.492,0.38,22483,0.594,32.138,0.031,39.81,37846605,124.027,41.8,16.763,10.202,27216.445,227.331,5.91,23.3,33.1,6.62,78.73
159,Europe,Poland,11/08/2020,52410,619,705.857,1809,2,11,1384.801,16.355,18.65,47.798,0.053,0.291,20511,2158532,57.034,0.542,22715,0.6,32.181,0.031,39.81,37846605,124.027,41.8,16.763,10.202,27216.445,227.331,5.91,23.3,33.1,6.62,78.73
160,Europe,Poland,12/08/2020,52961,551,687.429,1821,12,11.857,1399.359,14.559,18.164,48.115,0.317,0.313,23495,2182027,57.654,0.621,22011,0.582,32.019,0.031,39.81,37846605,124.027,41.8,16.763,10.202,27216.445,227.331,5.91,23.3,33.1,6.62,78.73
161,Europe,Poland,13/08/2020,53676,715,698.143,1830,9,10.571,1418.251,18.892,18.447,48.353,0.238,0.279,25177,2207204,58.32,0.665,22568,0.596,32.326,0.031,39.81,37846605,124.027,41.8,16.763,10.202,27216.445,227.331,5.91,23.3,33.1,6.62,78.73
162,Europe,Poland,14/08/2020,54487,811,710.286,1844,14,10,1439.68,21.429,18.767,48.723,0.37,0.264,25792,2232996,59.001,0.681,22646,0.598,31.883,0.031,39.81,37846605,124.027,41.8,16.763,10.202,27216.445,227.331,5.91,23.3,33.1,6.62,78.73
163,Europe,Poland,15/08/2020,55319,832,713.571,1858,14,10.143,1461.663,21.983,18.854,49.093,0.37,0.268,23730,2256726,59.628,0.627,21992,0.581,30.82,0.032,39.81,37846605,124.027,41.8,16.763,10.202,27216.445,227.331,5.91,23.3,33.1,6.62,78.73
164,Europe,Poland,16/08/2020,56090,771,703.286,1869,11,9.857,1482.035,20.372,18.583,49.384,0.291,0.26,16004,2272730,60.051,0.423,21301,0.563,30.288,0.033,39.81,37846605,124.027,41.8,16.763,10.202,27216.445,227.331,5.91,23.3,33.1,6.62,78.73
165,Europe,Poland,17/08/2020,56684,594,699,1877,8,10,1497.73,15.695,18.469,49.595,0.211,0.264,12778,2285508,60.389,0.338,21070,0.557,30.143,0.033,39.81,37846605,124.027,41.8,16.763,10.202,27216.445,227.331,5.91,23.3,33.1,6.62,78.73
166,Europe,Poland,18/08/2020,57279,595,695.571,1885,8,10.857,1513.451,15.721,18.379,49.806,0.211,0.287,19884,2305392,60.914,0.525,20980,0.554,30.162,0.033,39.81,37846605,124.027,41.8,16.763,10.202,27216.445,227.331,5.91,23.3,33.1,6.62,78.73
167,Europe,Poland,19/08/2020,57876,597,702.143,1896,11,10.714,1529.226,15.774,18.552,50.097,0.291,0.283,27734,2333126,61.647,0.733,21586,0.57,30.743,0.033,39.81,37846605,124.027,41.8,16.763,10.202,27216.445,227.331,5.91,23.3,33.1,6.62,78.73
168,Europe,Poland,20/08/2020,58611,735,705,1913,17,11.857,1548.646,19.421,18.628,50.546,0.449,0.313,24646,2357772,62.298,0.651,21510,0.568,30.511,0.033,39.81,37846605,124.027,41.8,16.763,10.202,27216.445,227.331,5.91,23.3,33.1,6.62,78.73
169,Europe,Poland,21/08/2020,59378,767,698.714,1925,12,11.571,1568.912,20.266,18.462,50.863,0.317,0.306,28666,2386438,63.056,0.757,21920,0.579,31.372,0.032,39.81,37846605,124.027,41.8,16.763,10.202,27216.445,227.331,5.91,23.3,33.1,6.62,78.73
170,Europe,Poland,22/08/2020,60281,903,708.857,1938,13,11.429,1592.772,23.859,18.73,51.207,0.343,0.302,24793,2411231,63.711,0.655,22072,0.583,31.137,0.032,39.81,37846605,124.027,41.8,16.763,10.202,27216.445,227.331,5.91,23.3,33.1,6.62,78.73
171,Europe,Poland,23/08/2020,61181,900,727.286,1951,13,11.714,1616.552,23.78,19.217,51.55,0.343,0.31,18983,2430214,64.212,0.502,22498,0.594,30.934,0.032,39.81,37846605,124.027,41.8,16.763,10.202,27216.445,227.331,5.91,23.3,33.1,6.62,78.73
172,Europe,Poland,24/08/2020,61762,581,725.429,1955,4,11.143,1631.903,15.351,19.168,51.656,0.106,0.294,15332,2445546,64.617,0.405,22863,0.604,31.517,0.032,39.81,37846605,124.027,41.8,16.763,10.202,27216.445,227.331,5.91,23.3,33.1,6.62,78.73
173,Europe,Poland,25/08/2020,62310,548,718.714,1960,5,10.714,1646.383,14.48,18.99,51.788,0.132,0.283,21982,2467528,65.198,0.581,23162,0.612,32.227,0.031,39.81,37846605,124.027,41.8,16.763,10.202,27216.445,227.331,5.91,23.3,33.1,6.62,78.73
174,Europe,Poland,26/08/2020,63073,763,742.429,1977,17,11.571,1666.543,20.16,19.617,52.237,0.449,0.306,28311,2495839,65.946,0.748,23245,0.614,31.309,0.032,39.81,37846605,124.027,41.8,16.763,10.202,27216.445,227.331,5.91,23.3,33.1,6.62,78.73
175,Europe,Poland,27/08/2020,63802,729,741.571,1994,17,11.571,1685.805,19.262,19.594,52.686,0.449,0.306,27110,2522949,66.662,0.716,23597,0.623,31.82,0.031,39.81,37846605,124.027,41.8,16.763,10.202,27216.445,227.331,5.91,23.3,33.1,6.62,78.73
176,Europe,Poland,28/08/2020,64689,887,758.714,2010,16,12.143,1709.242,23.437,20.047,53.109,0.423,0.321,24782,2547731,67.317,0.655,23042,0.609,30.37,0.033,39.81,37846605,124.027,41.8,16.763,10.202,27216.445,227.331,5.91,23.3,33.1,6.62,78.73
177,Europe,Poland,29/08/2020,65480,791,742.714,2018,8,11.429,1730.142,20.9,19.624,53.321,0.211,0.302,21075,2568806,67.874,0.557,22511,0.595,30.309,0.033,39.81,37846605,124.027,41.8,16.763,10.202,27216.445,227.331,5.91,23.3,33.1,6.62,78.73
178,Europe,Poland,30/08/2020,66239,759,722.571,2032,14,11.571,1750.197,20.055,19.092,53.69,0.37,0.306,18753,2587559,68.37,0.496,22478,0.594,31.108,0.032,39.81,37846605,124.027,41.8,16.763,10.202,27216.445,227.331,5.91,23.3,33.1,6.62,78.73
179,Europe,Poland,31/08/2020,66870,631,729.714,2033,1,11.143,1766.869,16.673,19.281,53.717,0.026,0.294,12010,2599569,68.687,0.317,22003,0.581,30.153,0.033,39.81,37846605,124.027,41.8,16.763,10.202,27216.445,227.331,5.91,23.3,33.1,6.62,78.73
180,Europe,Poland,01/09/2020,67372,502,723.143,2039,6,11.286,1780.133,13.264,19.107,53.875,0.159,0.298,28703,2628272,69.445,0.758,22963,0.607,31.754,0.031,37.96,37846605,124.027,41.8,16.763,10.202,27216.445,227.331,5.91,23.3,33.1,6.62,78.73
181,Europe,Poland,02/09/2020,67922,550,692.714,2058,19,11.571,1794.666,14.532,18.303,54.377,0.502,0.306,24354,2652626,70.089,0.643,22398,0.592,32.334,0.031,37.96,37846605,124.027,41.8,16.763,10.202,27216.445,227.331,5.91,23.3,33.1,6.62,78.73
182,Europe,Poland,03/09/2020,68517,595,673.571,2078,20,12,1810.387,15.721,17.797,54.906,0.528,0.317,23972,2676598,70.722,0.633,21950,0.58,32.587,0.031,,37846605,124.027,41.8,16.763,10.202,27216.445,227.331,5.91,23.3,33.1,6.62,78.73
